{
"lengthUnit": "mil",
"components": {
	"fields": ["COMPONENT_NO", "COMPONENT_NAME", "LAYER", "X_COORDINATE", "Y_COORDINATE", "ANGLE"],
	"rows": [
		[1, "LED1", "T", 780, 2805, 0],
		[2, "SW1", "T", 2094.36, 1913.5, 0],
		[3, "SW2", "T", 1544.36, 1918.5, 0],
		[4, "SW3", "T", 974.36, 1918.5, 0],
		[5, "SW4", "B", 2410.12, 3138.51, 270],
		[6, "U1", "B", 1539.36, 1028.5, 90],
		[7, "U2", "T", 1570, 2780, 0]
	]
},
"pins": {
	"fields": ["PIN_NO", "PIN_NAME", "PIN_X", "PIN_Y", "LAYER", "PIN_TYPE", "NET_NAME", "NET_TYPE", "PAD_SHAPE", "PAD_SIZEX", "PAD_SIZEY", "HOLE_SIZE", "PAD_ANGLE"],
	"rows": [
		[1, "LED1_1", 722.91, 2834.53, "T", "SMD", "LED1_1", "", "R", 47.24, 31.5, 0, 0],
		[2, "LED1_2", 722.91, 2775.45, "T", "SMD", "LED1_2", "", "R", 47.24, 31.5, 0, 0],
		[3, "LED1_3", 837.09, 2775.45, "T", "SMD", "LED1_3", "", "R", 47.24, 31.5, 0, 0],
		[4, "LED1_4", 837.09, 2834.55, "T", "SMD", "LED1_4", "", "R", 47.24, 31.5, 0, 0],
		[5, "SW1_1", 1966.41, 1990.27, "T", "DIP", "SW1_1", "", "C", 78.74, 78.74, 47.24, 180],
		[6, "SW1_1", 1966.41, 1990.27, "B", "DIP", "SW1_1", "", "C", 78.74, 78.74, 47.24, 180],
		[7, "SW1_2", 2222.31, 1990.27, "T", "DIP", "SW1_2", "", "C", 78.74, 78.74, 47.24, 180],
		[8, "SW1_2", 2222.31, 1990.27, "B", "DIP", "SW1_2", "", "C", 78.74, 78.74, 47.24, 180],
		[9, "SW1_3", 1966.41, 1836.73, "T", "DIP", "SW1_3", "", "C", 78.74, 78.74, 47.24, 180],
		[10, "SW1_3", 1966.41, 1836.73, "B", "DIP", "SW1_3", "", "C", 78.74, 78.74, 47.24, 180],
		[11, "SW1_4", 2222.31, 1836.73, "T", "DIP", "SW1_4", "", "C", 78.74, 78.74, 47.24, 180],
		[12, "SW1_4", 2222.31, 1836.73, "B", "DIP", "SW1_4", "", "C", 78.74, 78.74, 47.24, 180],
		[13, "SW2_1", 1416.41, 1995.27, "T", "DIP", "SW2_1", "", "C", 78.74, 78.74, 47.24, 180],
		[14, "SW2_1", 1416.41, 1995.27, "B", "DIP", "SW2_1", "", "C", 78.74, 78.74, 47.24, 180],
		[15, "SW2_2", 1672.31, 1995.27, "T", "DIP", "SW2_2", "", "C", 78.74, 78.74, 47.24, 180],
		[16, "SW2_2", 1672.31, 1995.27, "B", "DIP", "SW2_2", "", "C", 78.74, 78.74, 47.24, 180],
		[17, "SW2_3", 1416.41, 1841.73, "T", "DIP", "SW2_3", "", "C", 78.74, 78.74, 47.24, 180],
		[18, "SW2_3", 1416.41, 1841.73, "B", "DIP", "SW2_3", "", "C", 78.74, 78.74, 47.24, 180],
		[19, "SW2_4", 1672.31, 1841.73, "T", "DIP", "SW2_4", "", "C", 78.74, 78.74, 47.24, 180],
		[20, "SW2_4", 1672.31, 1841.73, "B", "DIP", "SW2_4", "", "C", 78.74, 78.74, 47.24, 180],
		[21, "SW3_1", 846.41, 1995.27, "T", "DIP", "SW3_1", "", "C", 78.74, 78.74, 47.24, 180],
		[22, "SW3_1", 846.41, 1995.27, "B", "DIP", "SW3_1", "", "C", 78.74, 78.74, 47.24, 180],
		[23, "SW3_2", 1102.31, 1995.27, "T", "DIP", "SW3_2", "", "C", 78.74, 78.74, 47.24, 180],
		[24, "SW3_2", 1102.31, 1995.27, "B", "DIP", "SW3_2", "", "C", 78.74, 78.74, 47.24, 180],
		[25, "SW3_3", 846.41, 1841.73, "T", "DIP", "SW3_3", "", "C", 78.74, 78.74, 47.24, 180],
		[26, "SW3_3", 846.41, 1841.73, "B", "DIP", "SW3_3", "", "C", 78.74, 78.74, 47.24, 180],
		[27, "SW3_4", 1102.31, 1841.73, "T", "DIP", "SW3_4", "", "C", 78.74, 78.74, 47.24, 180],
		[28, "SW3_4", 1102.31, 1841.73, "B", "DIP", "SW3_4", "", "C", 78.74, 78.74, 47.24, 180],
		[29, "SW4_1", 2343.19, 3227.09, "B", "SMD", "SW4_1", "", "R", 60, 23.62, 0, 180],
		[30, "SW4_2", 2343.19, 3108.98, "B", "SMD", "SW4_2", "", "R", 60, 23.62, 0, 180],
		[31, "SW4_3", 2343.19, 3049.92, "B", "SMD", "SW4_3", "", "R", 60, 23.62, 0, 180],
		[32, "SW4_4", 2386.49, 3280.24, "B", "SMD", "SW4_4", "", "R", 47.24, 27.56, 0, 90],
		[33, "SW4_4", 2477.04, 3280.24, "B", "SMD", "SW4_A_4", "", "R", 47.24, 27.56, 0, 90],
		[34, "SW4_4", 2477.04, 2996.78, "B", "SMD", "SW4_B_4", "", "R", 47.24, 27.56, 0, 90],
		[35, "SW4_4", 2386.49, 2996.78, "B", "SMD", "SW4_C_4", "", "R", 47.24, 27.56, 0, 90],
		[36, "U1_1", 2239.36, 578.5, "T", "DIP", "U1_1", "", "C", 59.05, 59.05, 39.37, 90],
		[37, "U1_1", 2239.36, 578.5, "B", "DIP", "U1_1", "", "C", 59.05, 59.05, 39.37, 90],
		[38, "U1_2", 2139.36, 578.5, "T", "DIP", "U1_2", "", "C", 59.05, 59.05, 39.37, 90],
		[39, "U1_2", 2139.36, 578.5, "B", "DIP", "U1_2", "", "C", 59.05, 59.05, 39.37, 90],
		[40, "U1_3", 2039.36, 578.5, "T", "DIP", "U1_3", "", "C", 59.05, 59.05, 39.37, 90],
		[41, "U1_3", 2039.36, 578.5, "B", "DIP", "U1_3", "", "C", 59.05, 59.05, 39.37, 90],
		[42, "U1_4", 1939.36, 578.5, "T", "DIP", "U1_4", "", "C", 59.05, 59.05, 39.37, 90],
		[43, "U1_4", 1939.36, 578.5, "B", "DIP", "U1_4", "", "C", 59.05, 59.05, 39.37, 90],
		[44, "U1_5", 1839.36, 578.5, "T", "DIP", "U1_5", "", "C", 59.05, 59.05, 39.37, 90],
		[45, "U1_5", 1839.36, 578.5, "B", "DIP", "U1_5", "", "C", 59.05, 59.05, 39.37, 90],
		[46, "U1_6", 1739.36, 578.5, "T", "DIP", "U1_6", "", "C", 59.05, 59.05, 39.37, 90],
		[47, "U1_6", 1739.36, 578.5, "B", "DIP", "U1_6", "", "C", 59.05, 59.05, 39.37, 90],
		[48, "U1_7", 1639.36, 578.5, "T", "DIP", "U1_7", "", "C", 59.05, 59.05, 39.37, 90],
		[49, "U1_7", 1639.36, 578.5, "B", "DIP", "U1_7", "", "C", 59.05, 59.05, 39.37, 90],
		[50, "U1_8", 1539.36, 578.5, "T", "DIP", "U1_8", "", "C", 59.05, 59.05, 39.37, 90],
		[51, "U1_8", 1539.36, 578.5, "B", "DIP", "U1_8", "", "C", 59.05, 59.05, 39.37, 90],
		[52, "U1_9", 1439.36, 578.5, "T", "DIP", "U1_9", "", "C", 59.05, 59.05, 39.37, 90],
		[53, "U1_9", 1439.36, 578.5, "B", "DIP", "U1_9", "", "C", 59.05, 59.05, 39.37, 90],
		[54, "U1_10", 1339.36, 578.5, "T", "DIP", "U1_10", "", "C", 59.05, 59.05, 39.37, 90],
		[55, "U1_10", 1339.36, 578.5, "B", "DIP", "U1_10", "", "C", 59.05, 59.05, 39.37, 90],
		[56, "U1_11", 1239.36, 578.5, "T", "DIP", "U1_11", "", "C", 59.05, 59.05, 39.37, 90],
		[57, "U1_11", 1239.36, 578.5, "B", "DIP", "U1_11", "", "C", 59.05, 59.05, 39.37, 90],
		[58, "U1_12", 1139.36, 578.5, "T", "DIP", "U1_12", "", "C", 59.05, 59.05, 39.37, 90],
		[59, "U1_12", 1139.36, 578.5, "B", "DIP", "U1_12", "", "C", 59.05, 59.05, 39.37, 90],
		[60, "U1_13", 1039.36, 578.5, "T", "DIP", "U1_13", "", "C", 59.05, 59.05, 39.37, 90],
		[61, "U1_13", 1039.36, 578.5, "B", "DIP", "U1_13", "", "C", 59.05, 59.05, 39.37, 90],
		[62, "U1_14", 939.36, 578.5, "T", "DIP", "U1_14", "", "C", 59.05, 59.05, 39.37, 90],
		[63, "U1_14", 939.36, 578.5, "B", "DIP", "U1_14", "", "C", 59.05, 59.05, 39.37, 90],
		[64, "U1_15", 839.36, 578.5, "T", "DIP", "U1_15", "", "C", 59.05, 59.05, 39.37, 90],
		[65, "U1_15", 839.36, 578.5, "B", "DIP", "U1_15", "", "C", 59.05, 59.05, 39.37, 90],
		[66, "U1_16", 839.36, 1478.5, "T", "DIP", "U1_16", "", "C", 59.05, 59.05, 39.37, 90],
		[67, "U1_16", 839.36, 1478.5, "B", "DIP", "U1_16", "", "C", 59.05, 59.05, 39.37, 90],
		[68, "U1_17", 939.36, 1478.5, "T", "DIP", "U1_17", "", "C", 59.05, 59.05, 39.37, 90],
		[69, "U1_17", 939.36, 1478.5, "B", "DIP", "U1_17", "", "C", 59.05, 59.05, 39.37, 90],
		[70, "U1_18", 1039.36, 1478.5, "T", "DIP", "U1_18", "", "C", 59.05, 59.05, 39.37, 90],
		[71, "U1_18", 1039.36, 1478.5, "B", "DIP", "U1_18", "", "C", 59.05, 59.05, 39.37, 90],
		[72, "U1_19", 1139.36, 1478.5, "T", "DIP", "U1_19", "", "C", 59.05, 59.05, 39.37, 90],
		[73, "U1_19", 1139.36, 1478.5, "B", "DIP", "U1_19", "", "C", 59.05, 59.05, 39.37, 90],
		[74, "U1_20", 1239.36, 1478.5, "T", "DIP", "U1_20", "", "C", 59.05, 59.05, 39.37, 90],
		[75, "U1_20", 1239.36, 1478.5, "B", "DIP", "U1_20", "", "C", 59.05, 59.05, 39.37, 90],
		[76, "U1_21", 1339.36, 1478.5, "T", "DIP", "U1_21", "", "C", 59.05, 59.05, 39.37, 90],
		[77, "U1_21", 1339.36, 1478.5, "B", "DIP", "U1_21", "", "C", 59.05, 59.05, 39.37, 90],
		[78, "U1_22", 1439.36, 1478.5, "T", "DIP", "U1_22", "", "C", 59.05, 59.05, 39.37, 90],
		[79, "U1_22", 1439.36, 1478.5, "B", "DIP", "U1_22", "", "C", 59.05, 59.05, 39.37, 90],
		[80, "U1_23", 1539.36, 1478.5, "T", "DIP", "U1_23", "", "C", 59.05, 59.05, 39.37, 90],
		[81, "U1_23", 1539.36, 1478.5, "B", "DIP", "U1_23", "", "C", 59.05, 59.05, 39.37, 90],
		[82, "U1_24", 1639.36, 1478.5, "T", "DIP", "U1_24", "", "C", 59.05, 59.05, 39.37, 90],
		[83, "U1_24", 1639.36, 1478.5, "B", "DIP", "U1_24", "", "C", 59.05, 59.05, 39.37, 90],
		[84, "U1_25", 1739.36, 1478.5, "T", "DIP", "U1_25", "", "C", 59.05, 59.05, 39.37, 90],
		[85, "U1_25", 1739.36, 1478.5, "B", "DIP", "U1_25", "", "C", 59.05, 59.05, 39.37, 90],
		[86, "U1_26", 1839.36, 1478.5, "T", "DIP", "U1_26", "", "C", 59.05, 59.05, 39.37, 90],
		[87, "U1_26", 1839.36, 1478.5, "B", "DIP", "U1_26", "", "C", 59.05, 59.05, 39.37, 90],
		[88, "U1_27", 1939.36, 1478.5, "T", "DIP", "U1_27", "", "C", 59.05, 59.05, 39.37, 90],
		[89, "U1_27", 1939.36, 1478.5, "B", "DIP", "U1_27", "", "C", 59.05, 59.05, 39.37, 90],
		[90, "U1_28", 2039.36, 1478.5, "T", "DIP", "U1_28", "", "C", 59.05, 59.05, 39.37, 90],
		[91, "U1_28", 2039.36, 1478.5, "B", "DIP", "U1_28", "", "C", 59.05, 59.05, 39.37, 90],
		[92, "U1_29", 2139.36, 1478.5, "T", "DIP", "U1_29", "", "C", 59.05, 59.05, 39.37, 90],
		[93, "U1_29", 2139.36, 1478.5, "B", "DIP", "U1_29", "", "C", 59.05, 59.05, 39.37, 90],
		[94, "U1_30", 2239.36, 1478.5, "T", "DIP", "U1_30", "", "C", 59.05, 59.05, 39.37, 90],
		[95, "U1_30", 2239.36, 1478.5, "B", "DIP", "U1_30", "", "C", 59.05, 59.05, 39.37, 90],
		[96, "U2_1", 1420, 3280, "T", "DIP", "U2_1", "", "C", 59.37, 59.37, 39.37, 0],
		[97, "U2_1", 1420, 3280, "B", "DIP", "U2_1", "", "C", 59.37, 59.37, 39.37, 0],
		[98, "U2_2", 1520, 3280, "T", "DIP", "U2_2", "", "C", 59.37, 59.37, 39.37, 0],
		[99, "U2_2", 1520, 3280, "B", "DIP", "U2_2", "", "C", 59.37, 59.37, 39.37, 0],
		[100, "U2_3", 1620, 3280, "T", "DIP", "U2_3", "", "C", 59.37, 59.37, 39.37, 0],
		[101, "U2_3", 1620, 3280, "B", "DIP", "U2_3", "", "C", 59.37, 59.37, 39.37, 0],
		[102, "U2_4", 1720, 3280, "T", "DIP", "U2_4", "", "C", 59.37, 59.37, 39.37, 0],
		[103, "U2_4", 1720, 3280, "B", "DIP", "U2_4", "", "C", 59.37, 59.37, 39.37, 0]
	]
}
}